"DESCRIPTION","DURATION IN MS","NAME","PARENT SUITE","START TIME","STATUS","STOP TIME","SUB SUITE","SUITE","TEST CLASS","TEST METHOD"
"","599","Should Reset App and Logout Successfully ","","Thu Oct 17 17:25:07 GMT+06:00 2024","passed","Thu Oct 17 17:25:08 GMT+06:00 2024","","Add product to Cart and verify Checkout process ","",""
"","1095","Should able to add product on cart successfully","","Thu Oct 17 17:25:16 GMT+06:00 2024","passed","Thu Oct 17 17:25:17 GMT+06:00 2024","","Filter products for Adding to Cart and verify complete Order process ","",""
"","1196","should show an error message with empty password ","","Thu Oct 17 17:25:03 GMT+06:00 2024","passed","Thu Oct 17 17:25:04 GMT+06:00 2024","","Verify the error message","",""
"","1168","should show an error message  locked_out_user and valid password credentials","","Thu Oct 17 17:25:05 GMT+06:00 2024","passed","Thu Oct 17 17:25:07 GMT+06:00 2024","","Verify the error message","",""
"","1310","should show an error message with empty username and password ","","Thu Oct 17 17:25:02 GMT+06:00 2024","passed","Thu Oct 17 17:25:03 GMT+06:00 2024","","Verify the error message","",""
"","6040","Should Able to Filter Products","","Thu Oct 17 17:25:10 GMT+06:00 2024","passed","Thu Oct 17 17:25:16 GMT+06:00 2024","","Filter products for Adding to Cart and verify complete Order process ","",""
"","625","Should Reset App after Login","","Thu Oct 17 17:25:09 GMT+06:00 2024","passed","Thu Oct 17 17:25:10 GMT+06:00 2024","","Filter products for Adding to Cart and verify complete Order process ","",""
"","15985","should login successfully with valid credentials","","Thu Oct 17 17:25:03 GMT+06:00 2024","passed","Thu Oct 17 17:25:19 GMT+06:00 2024","","Filter products for Adding to Cart and verify complete Order process ","",""
"","634","Should Reset App after Login","","Thu Oct 17 17:25:04 GMT+06:00 2024","passed","Thu Oct 17 17:25:05 GMT+06:00 2024","","Add product to Cart and verify Checkout process ","",""
"","1242","Should able to add product on cart successfully","","Thu Oct 17 17:25:05 GMT+06:00 2024","passed","Thu Oct 17 17:25:06 GMT+06:00 2024","","Add product to Cart and verify Checkout process ","",""
"","1352","Should Display Cart Products and Total Amounts Correctly ","","Thu Oct 17 17:25:06 GMT+06:00 2024","passed","Thu Oct 17 17:25:07 GMT+06:00 2024","","Add product to Cart and verify Checkout process ","",""
"","5074","should show an error message  locked_out_user and valid password credentials","","Thu Oct 17 17:25:03 GMT+06:00 2024","passed","Thu Oct 17 17:25:08 GMT+06:00 2024","","Add product to Cart and verify Checkout process ","",""
"","1167","should show an error message  locked_out_user and Invalid password credentials","","Thu Oct 17 17:25:04 GMT+06:00 2024","passed","Thu Oct 17 17:25:05 GMT+06:00 2024","","Verify the error message","",""
"","607","Should Reset App and Logout Successfully ","","Thu Oct 17 17:25:18 GMT+06:00 2024","passed","Thu Oct 17 17:25:19 GMT+06:00 2024","","Filter products for Adding to Cart and verify complete Order process ","",""
"","1305","Should Display Cart Products and Total Amounts Correctly ","","Thu Oct 17 17:25:17 GMT+06:00 2024","passed","Thu Oct 17 17:25:18 GMT+06:00 2024","","Filter products for Adding to Cart and verify complete Order process ","",""
